Exiobase - Region,Exiobase - Category
AFG,Final consumption expenditure by households
AFG,Final consumption expenditure by non-profit organisations serving households (NPISH)
AFG,Final consumption expenditure by government
AFG,Gross fixed capital formation
AFG,Changes in inventories
AFG,Changes in valuables
AFG,Exports: Total (fob)
ALB,Final consumption expenditure by households
ALB,Final consumption expenditure by non-profit organisations serving households (NPISH)
ALB,Final consumption expenditure by government
ALB,Gross fixed capital formation
ALB,Changes in inventories
ALB,Changes in valuables
ALB,Exports: Total (fob)
DZA,Final consumption expenditure by households
DZA,Final consumption expenditure by non-profit organisations serving households (NPISH)
DZA,Final consumption expenditure by government
DZA,Gross fixed capital formation
DZA,Changes in inventories
DZA,Changes in valuables
DZA,Exports: Total (fob)
AND,Final consumption expenditure by households
AND,Final consumption expenditure by non-profit organisations serving households (NPISH)
AND,Final consumption expenditure by government
AND,Gross fixed capital formation
AND,Changes in inventories
AND,Changes in valuables
AND,Exports: Total (fob)
AGO,Final consumption expenditure by households
AGO,Final consumption expenditure by non-profit organisations serving households (NPISH)
AGO,Final consumption expenditure by government
AGO,Gross fixed capital formation
AGO,Changes in inventories
AGO,Changes in valuables
AGO,Exports: Total (fob)
AIA,Final consumption expenditure by households
AIA,Final consumption expenditure by non-profit organisations serving households (NPISH)
AIA,Final consumption expenditure by government
AIA,Gross fixed capital formation
AIA,Changes in inventories
AIA,Changes in valuables
AIA,Exports: Total (fob)
ATG,Final consumption expenditure by households
ATG,Final consumption expenditure by non-profit organisations serving households (NPISH)
ATG,Final consumption expenditure by government
ATG,Gross fixed capital formation
ATG,Changes in inventories
ATG,Changes in valuables
ATG,Exports: Total (fob)
ARG,Final consumption expenditure by households
ARG,Final consumption expenditure by non-profit organisations serving households (NPISH)
ARG,Final consumption expenditure by government
ARG,Gross fixed capital formation
ARG,Changes in inventories
ARG,Changes in valuables
ARG,Exports: Total (fob)
ARM,Final consumption expenditure by households
ARM,Final consumption expenditure by non-profit organisations serving households (NPISH)
ARM,Final consumption expenditure by government
ARM,Gross fixed capital formation
ARM,Changes in inventories
ARM,Changes in valuables
ARM,Exports: Total (fob)
ABW,Final consumption expenditure by households
ABW,Final consumption expenditure by non-profit organisations serving households (NPISH)
ABW,Final consumption expenditure by government
ABW,Gross fixed capital formation
ABW,Changes in inventories
ABW,Changes in valuables
ABW,Exports: Total (fob)
AUS,Final consumption expenditure by households
AUS,Final consumption expenditure by non-profit organisations serving households (NPISH)
AUS,Final consumption expenditure by government
AUS,Gross fixed capital formation
AUS,Changes in inventories
AUS,Changes in valuables
AUS,Exports: Total (fob)
AUT,Final consumption expenditure by households
AUT,Final consumption expenditure by non-profit organisations serving households (NPISH)
AUT,Final consumption expenditure by government
AUT,Gross fixed capital formation
AUT,Changes in inventories
AUT,Changes in valuables
AUT,Exports: Total (fob)
AZE,Final consumption expenditure by households
AZE,Final consumption expenditure by non-profit organisations serving households (NPISH)
AZE,Final consumption expenditure by government
AZE,Gross fixed capital formation
AZE,Changes in inventories
AZE,Changes in valuables
AZE,Exports: Total (fob)
BHS,Final consumption expenditure by households
BHS,Final consumption expenditure by non-profit organisations serving households (NPISH)
BHS,Final consumption expenditure by government
BHS,Gross fixed capital formation
BHS,Changes in inventories
BHS,Changes in valuables
BHS,Exports: Total (fob)
BHR,Final consumption expenditure by households
BHR,Final consumption expenditure by non-profit organisations serving households (NPISH)
BHR,Final consumption expenditure by government
BHR,Gross fixed capital formation
BHR,Changes in inventories
BHR,Changes in valuables
BHR,Exports: Total (fob)
BGD,Final consumption expenditure by households
BGD,Final consumption expenditure by non-profit organisations serving households (NPISH)
BGD,Final consumption expenditure by government
BGD,Gross fixed capital formation
BGD,Changes in inventories
BGD,Changes in valuables
BGD,Exports: Total (fob)
BRB,Final consumption expenditure by households
BRB,Final consumption expenditure by non-profit organisations serving households (NPISH)
BRB,Final consumption expenditure by government
BRB,Gross fixed capital formation
BRB,Changes in inventories
BRB,Changes in valuables
BRB,Exports: Total (fob)
BLR,Final consumption expenditure by households
BLR,Final consumption expenditure by non-profit organisations serving households (NPISH)
BLR,Final consumption expenditure by government
BLR,Gross fixed capital formation
BLR,Changes in inventories
BLR,Changes in valuables
BLR,Exports: Total (fob)
BEL,Final consumption expenditure by households
BEL,Final consumption expenditure by non-profit organisations serving households (NPISH)
BEL,Final consumption expenditure by government
BEL,Gross fixed capital formation
BEL,Changes in inventories
BEL,Changes in valuables
BEL,Exports: Total (fob)
BLZ,Final consumption expenditure by households
BLZ,Final consumption expenditure by non-profit organisations serving households (NPISH)
BLZ,Final consumption expenditure by government
BLZ,Gross fixed capital formation
BLZ,Changes in inventories
BLZ,Changes in valuables
BLZ,Exports: Total (fob)
BEN,Final consumption expenditure by households
BEN,Final consumption expenditure by non-profit organisations serving households (NPISH)
BEN,Final consumption expenditure by government
BEN,Gross fixed capital formation
BEN,Changes in inventories
BEN,Changes in valuables
BEN,Exports: Total (fob)
BMU,Final consumption expenditure by households
BMU,Final consumption expenditure by non-profit organisations serving households (NPISH)
BMU,Final consumption expenditure by government
BMU,Gross fixed capital formation
BMU,Changes in inventories
BMU,Changes in valuables
BMU,Exports: Total (fob)
BTN,Final consumption expenditure by households
BTN,Final consumption expenditure by non-profit organisations serving households (NPISH)
BTN,Final consumption expenditure by government
BTN,Gross fixed capital formation
BTN,Changes in inventories
BTN,Changes in valuables
BTN,Exports: Total (fob)
BOL,Final consumption expenditure by households
BOL,Final consumption expenditure by non-profit organisations serving households (NPISH)
BOL,Final consumption expenditure by government
BOL,Gross fixed capital formation
BOL,Changes in inventories
BOL,Changes in valuables
BOL,Exports: Total (fob)
BIH,Final consumption expenditure by households
BIH,Final consumption expenditure by non-profit organisations serving households (NPISH)
BIH,Final consumption expenditure by government
BIH,Gross fixed capital formation
BIH,Changes in inventories
BIH,Changes in valuables
BIH,Exports: Total (fob)
BWA,Final consumption expenditure by households
BWA,Final consumption expenditure by non-profit organisations serving households (NPISH)
BWA,Final consumption expenditure by government
BWA,Gross fixed capital formation
BWA,Changes in inventories
BWA,Changes in valuables
BWA,Exports: Total (fob)
BRA,Final consumption expenditure by households
BRA,Final consumption expenditure by non-profit organisations serving households (NPISH)
BRA,Final consumption expenditure by government
BRA,Gross fixed capital formation
BRA,Changes in inventories
BRA,Changes in valuables
BRA,Exports: Total (fob)
VGB,Final consumption expenditure by households
VGB,Final consumption expenditure by non-profit organisations serving households (NPISH)
VGB,Final consumption expenditure by government
VGB,Gross fixed capital formation
VGB,Changes in inventories
VGB,Changes in valuables
VGB,Exports: Total (fob)
BRN,Final consumption expenditure by households
BRN,Final consumption expenditure by non-profit organisations serving households (NPISH)
BRN,Final consumption expenditure by government
BRN,Gross fixed capital formation
BRN,Changes in inventories
BRN,Changes in valuables
BRN,Exports: Total (fob)
BGR,Final consumption expenditure by households
BGR,Final consumption expenditure by non-profit organisations serving households (NPISH)
BGR,Final consumption expenditure by government
BGR,Gross fixed capital formation
BGR,Changes in inventories
BGR,Changes in valuables
BGR,Exports: Total (fob)
BFA,Final consumption expenditure by households
BFA,Final consumption expenditure by non-profit organisations serving households (NPISH)
BFA,Final consumption expenditure by government
BFA,Gross fixed capital formation
BFA,Changes in inventories
BFA,Changes in valuables
BFA,Exports: Total (fob)
BDI,Final consumption expenditure by households
BDI,Final consumption expenditure by non-profit organisations serving households (NPISH)
BDI,Final consumption expenditure by government
BDI,Gross fixed capital formation
BDI,Changes in inventories
BDI,Changes in valuables
BDI,Exports: Total (fob)
CPV,Final consumption expenditure by households
CPV,Final consumption expenditure by non-profit organisations serving households (NPISH)
CPV,Final consumption expenditure by government
CPV,Gross fixed capital formation
CPV,Changes in inventories
CPV,Changes in valuables
CPV,Exports: Total (fob)
KHM,Final consumption expenditure by households
KHM,Final consumption expenditure by non-profit organisations serving households (NPISH)
KHM,Final consumption expenditure by government
KHM,Gross fixed capital formation
KHM,Changes in inventories
KHM,Changes in valuables
KHM,Exports: Total (fob)
CMR,Final consumption expenditure by households
CMR,Final consumption expenditure by non-profit organisations serving households (NPISH)
CMR,Final consumption expenditure by government
CMR,Gross fixed capital formation
CMR,Changes in inventories
CMR,Changes in valuables
CMR,Exports: Total (fob)
CAN,Final consumption expenditure by households
CAN,Final consumption expenditure by non-profit organisations serving households (NPISH)
CAN,Final consumption expenditure by government
CAN,Gross fixed capital formation
CAN,Changes in inventories
CAN,Changes in valuables
CAN,Exports: Total (fob)
CYM,Final consumption expenditure by households
CYM,Final consumption expenditure by non-profit organisations serving households (NPISH)
CYM,Final consumption expenditure by government
CYM,Gross fixed capital formation
CYM,Changes in inventories
CYM,Changes in valuables
CYM,Exports: Total (fob)
CAF,Final consumption expenditure by households
CAF,Final consumption expenditure by non-profit organisations serving households (NPISH)
CAF,Final consumption expenditure by government
CAF,Gross fixed capital formation
CAF,Changes in inventories
CAF,Changes in valuables
CAF,Exports: Total (fob)
TCD,Final consumption expenditure by households
TCD,Final consumption expenditure by non-profit organisations serving households (NPISH)
TCD,Final consumption expenditure by government
TCD,Gross fixed capital formation
TCD,Changes in inventories
TCD,Changes in valuables
TCD,Exports: Total (fob)
CHL,Final consumption expenditure by households
CHL,Final consumption expenditure by non-profit organisations serving households (NPISH)
CHL,Final consumption expenditure by government
CHL,Gross fixed capital formation
CHL,Changes in inventories
CHL,Changes in valuables
CHL,Exports: Total (fob)
CHN,Final consumption expenditure by households
CHN,Final consumption expenditure by non-profit organisations serving households (NPISH)
CHN,Final consumption expenditure by government
CHN,Gross fixed capital formation
CHN,Changes in inventories
CHN,Changes in valuables
CHN,Exports: Total (fob)
HKG,Final consumption expenditure by households
HKG,Final consumption expenditure by non-profit organisations serving households (NPISH)
HKG,Final consumption expenditure by government
HKG,Gross fixed capital formation
HKG,Changes in inventories
HKG,Changes in valuables
HKG,Exports: Total (fob)
MAC,Final consumption expenditure by households
MAC,Final consumption expenditure by non-profit organisations serving households (NPISH)
MAC,Final consumption expenditure by government
MAC,Gross fixed capital formation
MAC,Changes in inventories
MAC,Changes in valuables
MAC,Exports: Total (fob)
COL,Final consumption expenditure by households
COL,Final consumption expenditure by non-profit organisations serving households (NPISH)
COL,Final consumption expenditure by government
COL,Gross fixed capital formation
COL,Changes in inventories
COL,Changes in valuables
COL,Exports: Total (fob)
COM,Final consumption expenditure by households
COM,Final consumption expenditure by non-profit organisations serving households (NPISH)
COM,Final consumption expenditure by government
COM,Gross fixed capital formation
COM,Changes in inventories
COM,Changes in valuables
COM,Exports: Total (fob)
COG,Final consumption expenditure by households
COG,Final consumption expenditure by non-profit organisations serving households (NPISH)
COG,Final consumption expenditure by government
COG,Gross fixed capital formation
COG,Changes in inventories
COG,Changes in valuables
COG,Exports: Total (fob)
COK,Final consumption expenditure by households
COK,Final consumption expenditure by non-profit organisations serving households (NPISH)
COK,Final consumption expenditure by government
COK,Gross fixed capital formation
COK,Changes in inventories
COK,Changes in valuables
COK,Exports: Total (fob)
CRI,Final consumption expenditure by households
CRI,Final consumption expenditure by non-profit organisations serving households (NPISH)
CRI,Final consumption expenditure by government
CRI,Gross fixed capital formation
CRI,Changes in inventories
CRI,Changes in valuables
CRI,Exports: Total (fob)
HRV,Final consumption expenditure by households
HRV,Final consumption expenditure by non-profit organisations serving households (NPISH)
HRV,Final consumption expenditure by government
HRV,Gross fixed capital formation
HRV,Changes in inventories
HRV,Changes in valuables
HRV,Exports: Total (fob)
CUB,Final consumption expenditure by households
CUB,Final consumption expenditure by non-profit organisations serving households (NPISH)
CUB,Final consumption expenditure by government
CUB,Gross fixed capital formation
CUB,Changes in inventories
CUB,Changes in valuables
CUB,Exports: Total (fob)
CUW,Final consumption expenditure by households
CUW,Final consumption expenditure by non-profit organisations serving households (NPISH)
CUW,Final consumption expenditure by government
CUW,Gross fixed capital formation
CUW,Changes in inventories
CUW,Changes in valuables
CUW,Exports: Total (fob)
CYP,Final consumption expenditure by households
CYP,Final consumption expenditure by non-profit organisations serving households (NPISH)
CYP,Final consumption expenditure by government
CYP,Gross fixed capital formation
CYP,Changes in inventories
CYP,Changes in valuables
CYP,Exports: Total (fob)
CZE,Final consumption expenditure by households
CZE,Final consumption expenditure by non-profit organisations serving households (NPISH)
CZE,Final consumption expenditure by government
CZE,Gross fixed capital formation
CZE,Changes in inventories
CZE,Changes in valuables
CZE,Exports: Total (fob)
CIV,Final consumption expenditure by households
CIV,Final consumption expenditure by non-profit organisations serving households (NPISH)
CIV,Final consumption expenditure by government
CIV,Gross fixed capital formation
CIV,Changes in inventories
CIV,Changes in valuables
CIV,Exports: Total (fob)
PRK,Final consumption expenditure by households
PRK,Final consumption expenditure by non-profit organisations serving households (NPISH)
PRK,Final consumption expenditure by government
PRK,Gross fixed capital formation
PRK,Changes in inventories
PRK,Changes in valuables
PRK,Exports: Total (fob)
COD,Final consumption expenditure by households
COD,Final consumption expenditure by non-profit organisations serving households (NPISH)
COD,Final consumption expenditure by government
COD,Gross fixed capital formation
COD,Changes in inventories
COD,Changes in valuables
COD,Exports: Total (fob)
DNK,Final consumption expenditure by households
DNK,Final consumption expenditure by non-profit organisations serving households (NPISH)
DNK,Final consumption expenditure by government
DNK,Gross fixed capital formation
DNK,Changes in inventories
DNK,Changes in valuables
DNK,Exports: Total (fob)
DJI,Final consumption expenditure by households
DJI,Final consumption expenditure by non-profit organisations serving households (NPISH)
DJI,Final consumption expenditure by government
DJI,Gross fixed capital formation
DJI,Changes in inventories
DJI,Changes in valuables
DJI,Exports: Total (fob)
DMA,Final consumption expenditure by households
DMA,Final consumption expenditure by non-profit organisations serving households (NPISH)
DMA,Final consumption expenditure by government
DMA,Gross fixed capital formation
DMA,Changes in inventories
DMA,Changes in valuables
DMA,Exports: Total (fob)
DOM,Final consumption expenditure by households
DOM,Final consumption expenditure by non-profit organisations serving households (NPISH)
DOM,Final consumption expenditure by government
DOM,Gross fixed capital formation
DOM,Changes in inventories
DOM,Changes in valuables
DOM,Exports: Total (fob)
ECU,Final consumption expenditure by households
ECU,Final consumption expenditure by non-profit organisations serving households (NPISH)
ECU,Final consumption expenditure by government
ECU,Gross fixed capital formation
ECU,Changes in inventories
ECU,Changes in valuables
ECU,Exports: Total (fob)
EGY,Final consumption expenditure by households
EGY,Final consumption expenditure by non-profit organisations serving households (NPISH)
EGY,Final consumption expenditure by government
EGY,Gross fixed capital formation
EGY,Changes in inventories
EGY,Changes in valuables
EGY,Exports: Total (fob)
SLV,Final consumption expenditure by households
SLV,Final consumption expenditure by non-profit organisations serving households (NPISH)
SLV,Final consumption expenditure by government
SLV,Gross fixed capital formation
SLV,Changes in inventories
SLV,Changes in valuables
SLV,Exports: Total (fob)
GNQ,Final consumption expenditure by households
GNQ,Final consumption expenditure by non-profit organisations serving households (NPISH)
GNQ,Final consumption expenditure by government
GNQ,Gross fixed capital formation
GNQ,Changes in inventories
GNQ,Changes in valuables
GNQ,Exports: Total (fob)
ERI,Final consumption expenditure by households
ERI,Final consumption expenditure by non-profit organisations serving households (NPISH)
ERI,Final consumption expenditure by government
ERI,Gross fixed capital formation
ERI,Changes in inventories
ERI,Changes in valuables
ERI,Exports: Total (fob)
EST,Final consumption expenditure by households
EST,Final consumption expenditure by non-profit organisations serving households (NPISH)
EST,Final consumption expenditure by government
EST,Gross fixed capital formation
EST,Changes in inventories
EST,Changes in valuables
EST,Exports: Total (fob)
ETH,Final consumption expenditure by households
ETH,Final consumption expenditure by non-profit organisations serving households (NPISH)
ETH,Final consumption expenditure by government
ETH,Gross fixed capital formation
ETH,Changes in inventories
ETH,Changes in valuables
ETH,Exports: Total (fob)
FJI,Final consumption expenditure by households
FJI,Final consumption expenditure by non-profit organisations serving households (NPISH)
FJI,Final consumption expenditure by government
FJI,Gross fixed capital formation
FJI,Changes in inventories
FJI,Changes in valuables
FJI,Exports: Total (fob)
FIN,Final consumption expenditure by households
FIN,Final consumption expenditure by non-profit organisations serving households (NPISH)
FIN,Final consumption expenditure by government
FIN,Gross fixed capital formation
FIN,Changes in inventories
FIN,Changes in valuables
FIN,Exports: Total (fob)
ANT,Final consumption expenditure by households
ANT,Final consumption expenditure by non-profit organisations serving households (NPISH)
ANT,Final consumption expenditure by government
ANT,Gross fixed capital formation
ANT,Changes in inventories
ANT,Changes in valuables
ANT,Exports: Total (fob)
FRA,Final consumption expenditure by households
FRA,Final consumption expenditure by non-profit organisations serving households (NPISH)
FRA,Final consumption expenditure by government
FRA,Gross fixed capital formation
FRA,Changes in inventories
FRA,Changes in valuables
FRA,Exports: Total (fob)
PYF,Final consumption expenditure by households
PYF,Final consumption expenditure by non-profit organisations serving households (NPISH)
PYF,Final consumption expenditure by government
PYF,Gross fixed capital formation
PYF,Changes in inventories
PYF,Changes in valuables
PYF,Exports: Total (fob)
GAB,Final consumption expenditure by households
GAB,Final consumption expenditure by non-profit organisations serving households (NPISH)
GAB,Final consumption expenditure by government
GAB,Gross fixed capital formation
GAB,Changes in inventories
GAB,Changes in valuables
GAB,Exports: Total (fob)
GMB,Final consumption expenditure by households
GMB,Final consumption expenditure by non-profit organisations serving households (NPISH)
GMB,Final consumption expenditure by government
GMB,Gross fixed capital formation
GMB,Changes in inventories
GMB,Changes in valuables
GMB,Exports: Total (fob)
GEO,Final consumption expenditure by households
GEO,Final consumption expenditure by non-profit organisations serving households (NPISH)
GEO,Final consumption expenditure by government
GEO,Gross fixed capital formation
GEO,Changes in inventories
GEO,Changes in valuables
GEO,Exports: Total (fob)
DEU,Final consumption expenditure by households
DEU,Final consumption expenditure by non-profit organisations serving households (NPISH)
DEU,Final consumption expenditure by government
DEU,Gross fixed capital formation
DEU,Changes in inventories
DEU,Changes in valuables
DEU,Exports: Total (fob)
GHA,Final consumption expenditure by households
GHA,Final consumption expenditure by non-profit organisations serving households (NPISH)
GHA,Final consumption expenditure by government
GHA,Gross fixed capital formation
GHA,Changes in inventories
GHA,Changes in valuables
GHA,Exports: Total (fob)
GRC,Final consumption expenditure by households
GRC,Final consumption expenditure by non-profit organisations serving households (NPISH)
GRC,Final consumption expenditure by government
GRC,Gross fixed capital formation
GRC,Changes in inventories
GRC,Changes in valuables
GRC,Exports: Total (fob)
GRL,Final consumption expenditure by households
GRL,Final consumption expenditure by non-profit organisations serving households (NPISH)
GRL,Final consumption expenditure by government
GRL,Gross fixed capital formation
GRL,Changes in inventories
GRL,Changes in valuables
GRL,Exports: Total (fob)
GRD,Final consumption expenditure by households
GRD,Final consumption expenditure by non-profit organisations serving households (NPISH)
GRD,Final consumption expenditure by government
GRD,Gross fixed capital formation
GRD,Changes in inventories
GRD,Changes in valuables
GRD,Exports: Total (fob)
GTM,Final consumption expenditure by households
GTM,Final consumption expenditure by non-profit organisations serving households (NPISH)
GTM,Final consumption expenditure by government
GTM,Gross fixed capital formation
GTM,Changes in inventories
GTM,Changes in valuables
GTM,Exports: Total (fob)
GIN,Final consumption expenditure by households
GIN,Final consumption expenditure by non-profit organisations serving households (NPISH)
GIN,Final consumption expenditure by government
GIN,Gross fixed capital formation
GIN,Changes in inventories
GIN,Changes in valuables
GIN,Exports: Total (fob)
GNB,Final consumption expenditure by households
GNB,Final consumption expenditure by non-profit organisations serving households (NPISH)
GNB,Final consumption expenditure by government
GNB,Gross fixed capital formation
GNB,Changes in inventories
GNB,Changes in valuables
GNB,Exports: Total (fob)
GUY,Final consumption expenditure by households
GUY,Final consumption expenditure by non-profit organisations serving households (NPISH)
GUY,Final consumption expenditure by government
GUY,Gross fixed capital formation
GUY,Changes in inventories
GUY,Changes in valuables
GUY,Exports: Total (fob)
HTI,Final consumption expenditure by households
HTI,Final consumption expenditure by non-profit organisations serving households (NPISH)
HTI,Final consumption expenditure by government
HTI,Gross fixed capital formation
HTI,Changes in inventories
HTI,Changes in valuables
HTI,Exports: Total (fob)
HND,Final consumption expenditure by households
HND,Final consumption expenditure by non-profit organisations serving households (NPISH)
HND,Final consumption expenditure by government
HND,Gross fixed capital formation
HND,Changes in inventories
HND,Changes in valuables
HND,Exports: Total (fob)
HUN,Final consumption expenditure by households
HUN,Final consumption expenditure by non-profit organisations serving households (NPISH)
HUN,Final consumption expenditure by government
HUN,Gross fixed capital formation
HUN,Changes in inventories
HUN,Changes in valuables
HUN,Exports: Total (fob)
ISL,Final consumption expenditure by households
ISL,Final consumption expenditure by non-profit organisations serving households (NPISH)
ISL,Final consumption expenditure by government
ISL,Gross fixed capital formation
ISL,Changes in inventories
ISL,Changes in valuables
ISL,Exports: Total (fob)
IND,Final consumption expenditure by households
IND,Final consumption expenditure by non-profit organisations serving households (NPISH)
IND,Final consumption expenditure by government
IND,Gross fixed capital formation
IND,Changes in inventories
IND,Changes in valuables
IND,Exports: Total (fob)
IDN,Final consumption expenditure by households
IDN,Final consumption expenditure by non-profit organisations serving households (NPISH)
IDN,Final consumption expenditure by government
IDN,Gross fixed capital formation
IDN,Changes in inventories
IDN,Changes in valuables
IDN,Exports: Total (fob)
IRN,Final consumption expenditure by households
IRN,Final consumption expenditure by non-profit organisations serving households (NPISH)
IRN,Final consumption expenditure by government
IRN,Gross fixed capital formation
IRN,Changes in inventories
IRN,Changes in valuables
IRN,Exports: Total (fob)
IRQ,Final consumption expenditure by households
IRQ,Final consumption expenditure by non-profit organisations serving households (NPISH)
IRQ,Final consumption expenditure by government
IRQ,Gross fixed capital formation
IRQ,Changes in inventories
IRQ,Changes in valuables
IRQ,Exports: Total (fob)
IRL,Final consumption expenditure by households
IRL,Final consumption expenditure by non-profit organisations serving households (NPISH)
IRL,Final consumption expenditure by government
IRL,Gross fixed capital formation
IRL,Changes in inventories
IRL,Changes in valuables
IRL,Exports: Total (fob)
ISR,Final consumption expenditure by households
ISR,Final consumption expenditure by non-profit organisations serving households (NPISH)
ISR,Final consumption expenditure by government
ISR,Gross fixed capital formation
ISR,Changes in inventories
ISR,Changes in valuables
ISR,Exports: Total (fob)
ITA,Final consumption expenditure by households
ITA,Final consumption expenditure by non-profit organisations serving households (NPISH)
ITA,Final consumption expenditure by government
ITA,Gross fixed capital formation
ITA,Changes in inventories
ITA,Changes in valuables
ITA,Exports: Total (fob)
JAM,Final consumption expenditure by households
JAM,Final consumption expenditure by non-profit organisations serving households (NPISH)
JAM,Final consumption expenditure by government
JAM,Gross fixed capital formation
JAM,Changes in inventories
JAM,Changes in valuables
JAM,Exports: Total (fob)
JPN,Final consumption expenditure by households
JPN,Final consumption expenditure by non-profit organisations serving households (NPISH)
JPN,Final consumption expenditure by government
JPN,Gross fixed capital formation
JPN,Changes in inventories
JPN,Changes in valuables
JPN,Exports: Total (fob)
JOR,Final consumption expenditure by households
JOR,Final consumption expenditure by non-profit organisations serving households (NPISH)
JOR,Final consumption expenditure by government
JOR,Gross fixed capital formation
JOR,Changes in inventories
JOR,Changes in valuables
JOR,Exports: Total (fob)
KAZ,Final consumption expenditure by households
KAZ,Final consumption expenditure by non-profit organisations serving households (NPISH)
KAZ,Final consumption expenditure by government
KAZ,Gross fixed capital formation
KAZ,Changes in inventories
KAZ,Changes in valuables
KAZ,Exports: Total (fob)
KEN,Final consumption expenditure by households
KEN,Final consumption expenditure by non-profit organisations serving households (NPISH)
KEN,Final consumption expenditure by government
KEN,Gross fixed capital formation
KEN,Changes in inventories
KEN,Changes in valuables
KEN,Exports: Total (fob)
KIR,Final consumption expenditure by households
KIR,Final consumption expenditure by non-profit organisations serving households (NPISH)
KIR,Final consumption expenditure by government
KIR,Gross fixed capital formation
KIR,Changes in inventories
KIR,Changes in valuables
KIR,Exports: Total (fob)
KSV,Final consumption expenditure by households
KSV,Final consumption expenditure by non-profit organisations serving households (NPISH)
KSV,Final consumption expenditure by government
KSV,Gross fixed capital formation
KSV,Changes in inventories
KSV,Changes in valuables
KSV,Exports: Total (fob)
KWT,Final consumption expenditure by households
KWT,Final consumption expenditure by non-profit organisations serving households (NPISH)
KWT,Final consumption expenditure by government
KWT,Gross fixed capital formation
KWT,Changes in inventories
KWT,Changes in valuables
KWT,Exports: Total (fob)
KGZ,Final consumption expenditure by households
KGZ,Final consumption expenditure by non-profit organisations serving households (NPISH)
KGZ,Final consumption expenditure by government
KGZ,Gross fixed capital formation
KGZ,Changes in inventories
KGZ,Changes in valuables
KGZ,Exports: Total (fob)
LAO,Final consumption expenditure by households
LAO,Final consumption expenditure by non-profit organisations serving households (NPISH)
LAO,Final consumption expenditure by government
LAO,Gross fixed capital formation
LAO,Changes in inventories
LAO,Changes in valuables
LAO,Exports: Total (fob)
LVA,Final consumption expenditure by households
LVA,Final consumption expenditure by non-profit organisations serving households (NPISH)
LVA,Final consumption expenditure by government
LVA,Gross fixed capital formation
LVA,Changes in inventories
LVA,Changes in valuables
LVA,Exports: Total (fob)
LBN,Final consumption expenditure by households
LBN,Final consumption expenditure by non-profit organisations serving households (NPISH)
LBN,Final consumption expenditure by government
LBN,Gross fixed capital formation
LBN,Changes in inventories
LBN,Changes in valuables
LBN,Exports: Total (fob)
LSO,Final consumption expenditure by households
LSO,Final consumption expenditure by non-profit organisations serving households (NPISH)
LSO,Final consumption expenditure by government
LSO,Gross fixed capital formation
LSO,Changes in inventories
LSO,Changes in valuables
LSO,Exports: Total (fob)
LBR,Final consumption expenditure by households
LBR,Final consumption expenditure by non-profit organisations serving households (NPISH)
LBR,Final consumption expenditure by government
LBR,Gross fixed capital formation
LBR,Changes in inventories
LBR,Changes in valuables
LBR,Exports: Total (fob)
LBY,Final consumption expenditure by households
LBY,Final consumption expenditure by non-profit organisations serving households (NPISH)
LBY,Final consumption expenditure by government
LBY,Gross fixed capital formation
LBY,Changes in inventories
LBY,Changes in valuables
LBY,Exports: Total (fob)
LIE,Final consumption expenditure by households
LIE,Final consumption expenditure by non-profit organisations serving households (NPISH)
LIE,Final consumption expenditure by government
LIE,Gross fixed capital formation
LIE,Changes in inventories
LIE,Changes in valuables
LIE,Exports: Total (fob)
LTU,Final consumption expenditure by households
LTU,Final consumption expenditure by non-profit organisations serving households (NPISH)
LTU,Final consumption expenditure by government
LTU,Gross fixed capital formation
LTU,Changes in inventories
LTU,Changes in valuables
LTU,Exports: Total (fob)
LUX,Final consumption expenditure by households
LUX,Final consumption expenditure by non-profit organisations serving households (NPISH)
LUX,Final consumption expenditure by government
LUX,Gross fixed capital formation
LUX,Changes in inventories
LUX,Changes in valuables
LUX,Exports: Total (fob)
MDG,Final consumption expenditure by households
MDG,Final consumption expenditure by non-profit organisations serving households (NPISH)
MDG,Final consumption expenditure by government
MDG,Gross fixed capital formation
MDG,Changes in inventories
MDG,Changes in valuables
MDG,Exports: Total (fob)
MWI,Final consumption expenditure by households
MWI,Final consumption expenditure by non-profit organisations serving households (NPISH)
MWI,Final consumption expenditure by government
MWI,Gross fixed capital formation
MWI,Changes in inventories
MWI,Changes in valuables
MWI,Exports: Total (fob)
MYS,Final consumption expenditure by households
MYS,Final consumption expenditure by non-profit organisations serving households (NPISH)
MYS,Final consumption expenditure by government
MYS,Gross fixed capital formation
MYS,Changes in inventories
MYS,Changes in valuables
MYS,Exports: Total (fob)
MDV,Final consumption expenditure by households
MDV,Final consumption expenditure by non-profit organisations serving households (NPISH)
MDV,Final consumption expenditure by government
MDV,Gross fixed capital formation
MDV,Changes in inventories
MDV,Changes in valuables
MDV,Exports: Total (fob)
MLI,Final consumption expenditure by households
MLI,Final consumption expenditure by non-profit organisations serving households (NPISH)
MLI,Final consumption expenditure by government
MLI,Gross fixed capital formation
MLI,Changes in inventories
MLI,Changes in valuables
MLI,Exports: Total (fob)
MLT,Final consumption expenditure by households
MLT,Final consumption expenditure by non-profit organisations serving households (NPISH)
MLT,Final consumption expenditure by government
MLT,Gross fixed capital formation
MLT,Changes in inventories
MLT,Changes in valuables
MLT,Exports: Total (fob)
MHL,Final consumption expenditure by households
MHL,Final consumption expenditure by non-profit organisations serving households (NPISH)
MHL,Final consumption expenditure by government
MHL,Gross fixed capital formation
MHL,Changes in inventories
MHL,Changes in valuables
MHL,Exports: Total (fob)
MRT,Final consumption expenditure by households
MRT,Final consumption expenditure by non-profit organisations serving households (NPISH)
MRT,Final consumption expenditure by government
MRT,Gross fixed capital formation
MRT,Changes in inventories
MRT,Changes in valuables
MRT,Exports: Total (fob)
MUS,Final consumption expenditure by households
MUS,Final consumption expenditure by non-profit organisations serving households (NPISH)
MUS,Final consumption expenditure by government
MUS,Gross fixed capital formation
MUS,Changes in inventories
MUS,Changes in valuables
MUS,Exports: Total (fob)
MEX,Final consumption expenditure by households
MEX,Final consumption expenditure by non-profit organisations serving households (NPISH)
MEX,Final consumption expenditure by government
MEX,Gross fixed capital formation
MEX,Changes in inventories
MEX,Changes in valuables
MEX,Exports: Total (fob)
FSM,Final consumption expenditure by households
FSM,Final consumption expenditure by non-profit organisations serving households (NPISH)
FSM,Final consumption expenditure by government
FSM,Gross fixed capital formation
FSM,Changes in inventories
FSM,Changes in valuables
FSM,Exports: Total (fob)
MCO,Final consumption expenditure by households
MCO,Final consumption expenditure by non-profit organisations serving households (NPISH)
MCO,Final consumption expenditure by government
MCO,Gross fixed capital formation
MCO,Changes in inventories
MCO,Changes in valuables
MCO,Exports: Total (fob)
MNG,Final consumption expenditure by households
MNG,Final consumption expenditure by non-profit organisations serving households (NPISH)
MNG,Final consumption expenditure by government
MNG,Gross fixed capital formation
MNG,Changes in inventories
MNG,Changes in valuables
MNG,Exports: Total (fob)
MNE,Final consumption expenditure by households
MNE,Final consumption expenditure by non-profit organisations serving households (NPISH)
MNE,Final consumption expenditure by government
MNE,Gross fixed capital formation
MNE,Changes in inventories
MNE,Changes in valuables
MNE,Exports: Total (fob)
MSR,Final consumption expenditure by households
MSR,Final consumption expenditure by non-profit organisations serving households (NPISH)
MSR,Final consumption expenditure by government
MSR,Gross fixed capital formation
MSR,Changes in inventories
MSR,Changes in valuables
MSR,Exports: Total (fob)
MAR,Final consumption expenditure by households
MAR,Final consumption expenditure by non-profit organisations serving households (NPISH)
MAR,Final consumption expenditure by government
MAR,Gross fixed capital formation
MAR,Changes in inventories
MAR,Changes in valuables
MAR,Exports: Total (fob)
MOZ,Final consumption expenditure by households
MOZ,Final consumption expenditure by non-profit organisations serving households (NPISH)
MOZ,Final consumption expenditure by government
MOZ,Gross fixed capital formation
MOZ,Changes in inventories
MOZ,Changes in valuables
MOZ,Exports: Total (fob)
MMR,Final consumption expenditure by households
MMR,Final consumption expenditure by non-profit organisations serving households (NPISH)
MMR,Final consumption expenditure by government
MMR,Gross fixed capital formation
MMR,Changes in inventories
MMR,Changes in valuables
MMR,Exports: Total (fob)
NAM,Final consumption expenditure by households
NAM,Final consumption expenditure by non-profit organisations serving households (NPISH)
NAM,Final consumption expenditure by government
NAM,Gross fixed capital formation
NAM,Changes in inventories
NAM,Changes in valuables
NAM,Exports: Total (fob)
NRU,Final consumption expenditure by households
NRU,Final consumption expenditure by non-profit organisations serving households (NPISH)
NRU,Final consumption expenditure by government
NRU,Gross fixed capital formation
NRU,Changes in inventories
NRU,Changes in valuables
NRU,Exports: Total (fob)
NPL,Final consumption expenditure by households
NPL,Final consumption expenditure by non-profit organisations serving households (NPISH)
NPL,Final consumption expenditure by government
NPL,Gross fixed capital formation
NPL,Changes in inventories
NPL,Changes in valuables
NPL,Exports: Total (fob)
NLD,Final consumption expenditure by households
NLD,Final consumption expenditure by non-profit organisations serving households (NPISH)
NLD,Final consumption expenditure by government
NLD,Gross fixed capital formation
NLD,Changes in inventories
NLD,Changes in valuables
NLD,Exports: Total (fob)
NCL,Final consumption expenditure by households
NCL,Final consumption expenditure by non-profit organisations serving households (NPISH)
NCL,Final consumption expenditure by government
NCL,Gross fixed capital formation
NCL,Changes in inventories
NCL,Changes in valuables
NCL,Exports: Total (fob)
NZL,Final consumption expenditure by households
NZL,Final consumption expenditure by non-profit organisations serving households (NPISH)
NZL,Final consumption expenditure by government
NZL,Gross fixed capital formation
NZL,Changes in inventories
NZL,Changes in valuables
NZL,Exports: Total (fob)
NIC,Final consumption expenditure by households
NIC,Final consumption expenditure by non-profit organisations serving households (NPISH)
NIC,Final consumption expenditure by government
NIC,Gross fixed capital formation
NIC,Changes in inventories
NIC,Changes in valuables
NIC,Exports: Total (fob)
NER,Final consumption expenditure by households
NER,Final consumption expenditure by non-profit organisations serving households (NPISH)
NER,Final consumption expenditure by government
NER,Gross fixed capital formation
NER,Changes in inventories
NER,Changes in valuables
NER,Exports: Total (fob)
NGA,Final consumption expenditure by households
NGA,Final consumption expenditure by non-profit organisations serving households (NPISH)
NGA,Final consumption expenditure by government
NGA,Gross fixed capital formation
NGA,Changes in inventories
NGA,Changes in valuables
NGA,Exports: Total (fob)
NOR,Final consumption expenditure by households
NOR,Final consumption expenditure by non-profit organisations serving households (NPISH)
NOR,Final consumption expenditure by government
NOR,Gross fixed capital formation
NOR,Changes in inventories
NOR,Changes in valuables
NOR,Exports: Total (fob)
OMN,Final consumption expenditure by households
OMN,Final consumption expenditure by non-profit organisations serving households (NPISH)
OMN,Final consumption expenditure by government
OMN,Gross fixed capital formation
OMN,Changes in inventories
OMN,Changes in valuables
OMN,Exports: Total (fob)
PAK,Final consumption expenditure by households
PAK,Final consumption expenditure by non-profit organisations serving households (NPISH)
PAK,Final consumption expenditure by government
PAK,Gross fixed capital formation
PAK,Changes in inventories
PAK,Changes in valuables
PAK,Exports: Total (fob)
PLW,Final consumption expenditure by households
PLW,Final consumption expenditure by non-profit organisations serving households (NPISH)
PLW,Final consumption expenditure by government
PLW,Gross fixed capital formation
PLW,Changes in inventories
PLW,Changes in valuables
PLW,Exports: Total (fob)
PAN,Final consumption expenditure by households
PAN,Final consumption expenditure by non-profit organisations serving households (NPISH)
PAN,Final consumption expenditure by government
PAN,Gross fixed capital formation
PAN,Changes in inventories
PAN,Changes in valuables
PAN,Exports: Total (fob)
PNG,Final consumption expenditure by households
PNG,Final consumption expenditure by non-profit organisations serving households (NPISH)
PNG,Final consumption expenditure by government
PNG,Gross fixed capital formation
PNG,Changes in inventories
PNG,Changes in valuables
PNG,Exports: Total (fob)
PRY,Final consumption expenditure by households
PRY,Final consumption expenditure by non-profit organisations serving households (NPISH)
PRY,Final consumption expenditure by government
PRY,Gross fixed capital formation
PRY,Changes in inventories
PRY,Changes in valuables
PRY,Exports: Total (fob)
PER,Final consumption expenditure by households
PER,Final consumption expenditure by non-profit organisations serving households (NPISH)
PER,Final consumption expenditure by government
PER,Gross fixed capital formation
PER,Changes in inventories
PER,Changes in valuables
PER,Exports: Total (fob)
PHL,Final consumption expenditure by households
PHL,Final consumption expenditure by non-profit organisations serving households (NPISH)
PHL,Final consumption expenditure by government
PHL,Gross fixed capital formation
PHL,Changes in inventories
PHL,Changes in valuables
PHL,Exports: Total (fob)
POL,Final consumption expenditure by households
POL,Final consumption expenditure by non-profit organisations serving households (NPISH)
POL,Final consumption expenditure by government
POL,Gross fixed capital formation
POL,Changes in inventories
POL,Changes in valuables
POL,Exports: Total (fob)
PRT,Final consumption expenditure by households
PRT,Final consumption expenditure by non-profit organisations serving households (NPISH)
PRT,Final consumption expenditure by government
PRT,Gross fixed capital formation
PRT,Changes in inventories
PRT,Changes in valuables
PRT,Exports: Total (fob)
PRI,Final consumption expenditure by households
PRI,Final consumption expenditure by non-profit organisations serving households (NPISH)
PRI,Final consumption expenditure by government
PRI,Gross fixed capital formation
PRI,Changes in inventories
PRI,Changes in valuables
PRI,Exports: Total (fob)
QAT,Final consumption expenditure by households
QAT,Final consumption expenditure by non-profit organisations serving households (NPISH)
QAT,Final consumption expenditure by government
QAT,Gross fixed capital formation
QAT,Changes in inventories
QAT,Changes in valuables
QAT,Exports: Total (fob)
KOR,Final consumption expenditure by households
KOR,Final consumption expenditure by non-profit organisations serving households (NPISH)
KOR,Final consumption expenditure by government
KOR,Gross fixed capital formation
KOR,Changes in inventories
KOR,Changes in valuables
KOR,Exports: Total (fob)
MDA,Final consumption expenditure by households
MDA,Final consumption expenditure by non-profit organisations serving households (NPISH)
MDA,Final consumption expenditure by government
MDA,Gross fixed capital formation
MDA,Changes in inventories
MDA,Changes in valuables
MDA,Exports: Total (fob)
ROU,Final consumption expenditure by households
ROU,Final consumption expenditure by non-profit organisations serving households (NPISH)
ROU,Final consumption expenditure by government
ROU,Gross fixed capital formation
ROU,Changes in inventories
ROU,Changes in valuables
ROU,Exports: Total (fob)
RUS,Final consumption expenditure by households
RUS,Final consumption expenditure by non-profit organisations serving households (NPISH)
RUS,Final consumption expenditure by government
RUS,Gross fixed capital formation
RUS,Changes in inventories
RUS,Changes in valuables
RUS,Exports: Total (fob)
RWA,Final consumption expenditure by households
RWA,Final consumption expenditure by non-profit organisations serving households (NPISH)
RWA,Final consumption expenditure by government
RWA,Gross fixed capital formation
RWA,Changes in inventories
RWA,Changes in valuables
RWA,Exports: Total (fob)
KNA,Final consumption expenditure by households
KNA,Final consumption expenditure by non-profit organisations serving households (NPISH)
KNA,Final consumption expenditure by government
KNA,Gross fixed capital formation
KNA,Changes in inventories
KNA,Changes in valuables
KNA,Exports: Total (fob)
LCA,Final consumption expenditure by households
LCA,Final consumption expenditure by non-profit organisations serving households (NPISH)
LCA,Final consumption expenditure by government
LCA,Gross fixed capital formation
LCA,Changes in inventories
LCA,Changes in valuables
LCA,Exports: Total (fob)
WSM,Final consumption expenditure by households
WSM,Final consumption expenditure by non-profit organisations serving households (NPISH)
WSM,Final consumption expenditure by government
WSM,Gross fixed capital formation
WSM,Changes in inventories
WSM,Changes in valuables
WSM,Exports: Total (fob)
SMR,Final consumption expenditure by households
SMR,Final consumption expenditure by non-profit organisations serving households (NPISH)
SMR,Final consumption expenditure by government
SMR,Gross fixed capital formation
SMR,Changes in inventories
SMR,Changes in valuables
SMR,Exports: Total (fob)
STP,Final consumption expenditure by households
STP,Final consumption expenditure by non-profit organisations serving households (NPISH)
STP,Final consumption expenditure by government
STP,Gross fixed capital formation
STP,Changes in inventories
STP,Changes in valuables
STP,Exports: Total (fob)
SAU,Final consumption expenditure by households
SAU,Final consumption expenditure by non-profit organisations serving households (NPISH)
SAU,Final consumption expenditure by government
SAU,Gross fixed capital formation
SAU,Changes in inventories
SAU,Changes in valuables
SAU,Exports: Total (fob)
SEN,Final consumption expenditure by households
SEN,Final consumption expenditure by non-profit organisations serving households (NPISH)
SEN,Final consumption expenditure by government
SEN,Gross fixed capital formation
SEN,Changes in inventories
SEN,Changes in valuables
SEN,Exports: Total (fob)
SRB,Final consumption expenditure by households
SRB,Final consumption expenditure by non-profit organisations serving households (NPISH)
SRB,Final consumption expenditure by government
SRB,Gross fixed capital formation
SRB,Changes in inventories
SRB,Changes in valuables
SRB,Exports: Total (fob)
SYC,Final consumption expenditure by households
SYC,Final consumption expenditure by non-profit organisations serving households (NPISH)
SYC,Final consumption expenditure by government
SYC,Gross fixed capital formation
SYC,Changes in inventories
SYC,Changes in valuables
SYC,Exports: Total (fob)
SLE,Final consumption expenditure by households
SLE,Final consumption expenditure by non-profit organisations serving households (NPISH)
SLE,Final consumption expenditure by government
SLE,Gross fixed capital formation
SLE,Changes in inventories
SLE,Changes in valuables
SLE,Exports: Total (fob)
SGP,Final consumption expenditure by households
SGP,Final consumption expenditure by non-profit organisations serving households (NPISH)
SGP,Final consumption expenditure by government
SGP,Gross fixed capital formation
SGP,Changes in inventories
SGP,Changes in valuables
SGP,Exports: Total (fob)
SXM,Final consumption expenditure by households
SXM,Final consumption expenditure by non-profit organisations serving households (NPISH)
SXM,Final consumption expenditure by government
SXM,Gross fixed capital formation
SXM,Changes in inventories
SXM,Changes in valuables
SXM,Exports: Total (fob)
SVK,Final consumption expenditure by households
SVK,Final consumption expenditure by non-profit organisations serving households (NPISH)
SVK,Final consumption expenditure by government
SVK,Gross fixed capital formation
SVK,Changes in inventories
SVK,Changes in valuables
SVK,Exports: Total (fob)
SVN,Final consumption expenditure by households
SVN,Final consumption expenditure by non-profit organisations serving households (NPISH)
SVN,Final consumption expenditure by government
SVN,Gross fixed capital formation
SVN,Changes in inventories
SVN,Changes in valuables
SVN,Exports: Total (fob)
SLB,Final consumption expenditure by households
SLB,Final consumption expenditure by non-profit organisations serving households (NPISH)
SLB,Final consumption expenditure by government
SLB,Gross fixed capital formation
SLB,Changes in inventories
SLB,Changes in valuables
SLB,Exports: Total (fob)
SOM,Final consumption expenditure by households
SOM,Final consumption expenditure by non-profit organisations serving households (NPISH)
SOM,Final consumption expenditure by government
SOM,Gross fixed capital formation
SOM,Changes in inventories
SOM,Changes in valuables
SOM,Exports: Total (fob)
ZAF,Final consumption expenditure by households
ZAF,Final consumption expenditure by non-profit organisations serving households (NPISH)
ZAF,Final consumption expenditure by government
ZAF,Gross fixed capital formation
ZAF,Changes in inventories
ZAF,Changes in valuables
ZAF,Exports: Total (fob)
SSD,Final consumption expenditure by households
SSD,Final consumption expenditure by non-profit organisations serving households (NPISH)
SSD,Final consumption expenditure by government
SSD,Gross fixed capital formation
SSD,Changes in inventories
SSD,Changes in valuables
SSD,Exports: Total (fob)
ESP,Final consumption expenditure by households
ESP,Final consumption expenditure by non-profit organisations serving households (NPISH)
ESP,Final consumption expenditure by government
ESP,Gross fixed capital formation
ESP,Changes in inventories
ESP,Changes in valuables
ESP,Exports: Total (fob)
LKA,Final consumption expenditure by households
LKA,Final consumption expenditure by non-profit organisations serving households (NPISH)
LKA,Final consumption expenditure by government
LKA,Gross fixed capital formation
LKA,Changes in inventories
LKA,Changes in valuables
LKA,Exports: Total (fob)
VCT,Final consumption expenditure by households
VCT,Final consumption expenditure by non-profit organisations serving households (NPISH)
VCT,Final consumption expenditure by government
VCT,Gross fixed capital formation
VCT,Changes in inventories
VCT,Changes in valuables
VCT,Exports: Total (fob)
PAL,Final consumption expenditure by households
PAL,Final consumption expenditure by non-profit organisations serving households (NPISH)
PAL,Final consumption expenditure by government
PAL,Gross fixed capital formation
PAL,Changes in inventories
PAL,Changes in valuables
PAL,Exports: Total (fob)
SDN,Final consumption expenditure by households
SDN,Final consumption expenditure by non-profit organisations serving households (NPISH)
SDN,Final consumption expenditure by government
SDN,Gross fixed capital formation
SDN,Changes in inventories
SDN,Changes in valuables
SDN,Exports: Total (fob)
SUR,Final consumption expenditure by households
SUR,Final consumption expenditure by non-profit organisations serving households (NPISH)
SUR,Final consumption expenditure by government
SUR,Gross fixed capital formation
SUR,Changes in inventories
SUR,Changes in valuables
SUR,Exports: Total (fob)
SWZ,Final consumption expenditure by households
SWZ,Final consumption expenditure by non-profit organisations serving households (NPISH)
SWZ,Final consumption expenditure by government
SWZ,Gross fixed capital formation
SWZ,Changes in inventories
SWZ,Changes in valuables
SWZ,Exports: Total (fob)
SWE,Final consumption expenditure by households
SWE,Final consumption expenditure by non-profit organisations serving households (NPISH)
SWE,Final consumption expenditure by government
SWE,Gross fixed capital formation
SWE,Changes in inventories
SWE,Changes in valuables
SWE,Exports: Total (fob)
CHE,Final consumption expenditure by households
CHE,Final consumption expenditure by non-profit organisations serving households (NPISH)
CHE,Final consumption expenditure by government
CHE,Gross fixed capital formation
CHE,Changes in inventories
CHE,Changes in valuables
CHE,Exports: Total (fob)
SYR,Final consumption expenditure by households
SYR,Final consumption expenditure by non-profit organisations serving households (NPISH)
SYR,Final consumption expenditure by government
SYR,Gross fixed capital formation
SYR,Changes in inventories
SYR,Changes in valuables
SYR,Exports: Total (fob)
MKD,Final consumption expenditure by households
MKD,Final consumption expenditure by non-profit organisations serving households (NPISH)
MKD,Final consumption expenditure by government
MKD,Gross fixed capital formation
MKD,Changes in inventories
MKD,Changes in valuables
MKD,Exports: Total (fob)
TJK,Final consumption expenditure by households
TJK,Final consumption expenditure by non-profit organisations serving households (NPISH)
TJK,Final consumption expenditure by government
TJK,Gross fixed capital formation
TJK,Changes in inventories
TJK,Changes in valuables
TJK,Exports: Total (fob)
THA,Final consumption expenditure by households
THA,Final consumption expenditure by non-profit organisations serving households (NPISH)
THA,Final consumption expenditure by government
THA,Gross fixed capital formation
THA,Changes in inventories
THA,Changes in valuables
THA,Exports: Total (fob)
TLS,Final consumption expenditure by households
TLS,Final consumption expenditure by non-profit organisations serving households (NPISH)
TLS,Final consumption expenditure by government
TLS,Gross fixed capital formation
TLS,Changes in inventories
TLS,Changes in valuables
TLS,Exports: Total (fob)
TGO,Final consumption expenditure by households
TGO,Final consumption expenditure by non-profit organisations serving households (NPISH)
TGO,Final consumption expenditure by government
TGO,Gross fixed capital formation
TGO,Changes in inventories
TGO,Changes in valuables
TGO,Exports: Total (fob)
TON,Final consumption expenditure by households
TON,Final consumption expenditure by non-profit organisations serving households (NPISH)
TON,Final consumption expenditure by government
TON,Gross fixed capital formation
TON,Changes in inventories
TON,Changes in valuables
TON,Exports: Total (fob)
TTO,Final consumption expenditure by households
TTO,Final consumption expenditure by non-profit organisations serving households (NPISH)
TTO,Final consumption expenditure by government
TTO,Gross fixed capital formation
TTO,Changes in inventories
TTO,Changes in valuables
TTO,Exports: Total (fob)
TUN,Final consumption expenditure by households
TUN,Final consumption expenditure by non-profit organisations serving households (NPISH)
TUN,Final consumption expenditure by government
TUN,Gross fixed capital formation
TUN,Changes in inventories
TUN,Changes in valuables
TUN,Exports: Total (fob)
TUR,Final consumption expenditure by households
TUR,Final consumption expenditure by non-profit organisations serving households (NPISH)
TUR,Final consumption expenditure by government
TUR,Gross fixed capital formation
TUR,Changes in inventories
TUR,Changes in valuables
TUR,Exports: Total (fob)
TKM,Final consumption expenditure by households
TKM,Final consumption expenditure by non-profit organisations serving households (NPISH)
TKM,Final consumption expenditure by government
TKM,Gross fixed capital formation
TKM,Changes in inventories
TKM,Changes in valuables
TKM,Exports: Total (fob)
TCA,Final consumption expenditure by households
TCA,Final consumption expenditure by non-profit organisations serving households (NPISH)
TCA,Final consumption expenditure by government
TCA,Gross fixed capital formation
TCA,Changes in inventories
TCA,Changes in valuables
TCA,Exports: Total (fob)
TUV,Final consumption expenditure by households
TUV,Final consumption expenditure by non-profit organisations serving households (NPISH)
TUV,Final consumption expenditure by government
TUV,Gross fixed capital formation
TUV,Changes in inventories
TUV,Changes in valuables
TUV,Exports: Total (fob)
TZA,Final consumption expenditure by households
TZA,Final consumption expenditure by non-profit organisations serving households (NPISH)
TZA,Final consumption expenditure by government
TZA,Gross fixed capital formation
TZA,Changes in inventories
TZA,Changes in valuables
TZA,Exports: Total (fob)
UGA,Final consumption expenditure by households
UGA,Final consumption expenditure by non-profit organisations serving households (NPISH)
UGA,Final consumption expenditure by government
UGA,Gross fixed capital formation
UGA,Changes in inventories
UGA,Changes in valuables
UGA,Exports: Total (fob)
UKR,Final consumption expenditure by households
UKR,Final consumption expenditure by non-profit organisations serving households (NPISH)
UKR,Final consumption expenditure by government
UKR,Gross fixed capital formation
UKR,Changes in inventories
UKR,Changes in valuables
UKR,Exports: Total (fob)
ARE,Final consumption expenditure by households
ARE,Final consumption expenditure by non-profit organisations serving households (NPISH)
ARE,Final consumption expenditure by government
ARE,Gross fixed capital formation
ARE,Changes in inventories
ARE,Changes in valuables
ARE,Exports: Total (fob)
GBR,Final consumption expenditure by households
GBR,Final consumption expenditure by non-profit organisations serving households (NPISH)
GBR,Final consumption expenditure by government
GBR,Gross fixed capital formation
GBR,Changes in inventories
GBR,Changes in valuables
GBR,Exports: Total (fob)
USA,Final consumption expenditure by households
USA,Final consumption expenditure by non-profit organisations serving households (NPISH)
USA,Final consumption expenditure by government
USA,Gross fixed capital formation
USA,Changes in inventories
USA,Changes in valuables
USA,Exports: Total (fob)
URY,Final consumption expenditure by households
URY,Final consumption expenditure by non-profit organisations serving households (NPISH)
URY,Final consumption expenditure by government
URY,Gross fixed capital formation
URY,Changes in inventories
URY,Changes in valuables
URY,Exports: Total (fob)
UZB,Final consumption expenditure by households
UZB,Final consumption expenditure by non-profit organisations serving households (NPISH)
UZB,Final consumption expenditure by government
UZB,Gross fixed capital formation
UZB,Changes in inventories
UZB,Changes in valuables
UZB,Exports: Total (fob)
VUT,Final consumption expenditure by households
VUT,Final consumption expenditure by non-profit organisations serving households (NPISH)
VUT,Final consumption expenditure by government
VUT,Gross fixed capital formation
VUT,Changes in inventories
VUT,Changes in valuables
VUT,Exports: Total (fob)
VEN,Final consumption expenditure by households
VEN,Final consumption expenditure by non-profit organisations serving households (NPISH)
VEN,Final consumption expenditure by government
VEN,Gross fixed capital formation
VEN,Changes in inventories
VEN,Changes in valuables
VEN,Exports: Total (fob)
VNM,Final consumption expenditure by households
VNM,Final consumption expenditure by non-profit organisations serving households (NPISH)
VNM,Final consumption expenditure by government
VNM,Gross fixed capital formation
VNM,Changes in inventories
VNM,Changes in valuables
VNM,Exports: Total (fob)
YEM,Final consumption expenditure by households
YEM,Final consumption expenditure by non-profit organisations serving households (NPISH)
YEM,Final consumption expenditure by government
YEM,Gross fixed capital formation
YEM,Changes in inventories
YEM,Changes in valuables
YEM,Exports: Total (fob)
ZMB,Final consumption expenditure by households
ZMB,Final consumption expenditure by non-profit organisations serving households (NPISH)
ZMB,Final consumption expenditure by government
ZMB,Gross fixed capital formation
ZMB,Changes in inventories
ZMB,Changes in valuables
ZMB,Exports: Total (fob)
EAZ,Final consumption expenditure by households
EAZ,Final consumption expenditure by non-profit organisations serving households (NPISH)
EAZ,Final consumption expenditure by government
EAZ,Gross fixed capital formation
EAZ,Changes in inventories
EAZ,Changes in valuables
EAZ,Exports: Total (fob)
ZWE,Final consumption expenditure by households
ZWE,Final consumption expenditure by non-profit organisations serving households (NPISH)
ZWE,Final consumption expenditure by government
ZWE,Gross fixed capital formation
ZWE,Changes in inventories
ZWE,Changes in valuables
ZWE,Exports: Total (fob)
TWN,Final consumption expenditure by households
TWN,Final consumption expenditure by non-profit organisations serving households (NPISH)
TWN,Final consumption expenditure by government
TWN,Gross fixed capital formation
TWN,Changes in inventories
TWN,Changes in valuables
TWN,Exports: Total (fob)
